Model,F1_Score
Logistic Regression,0.9421380743477257
SVM,0.9479297074233783
Random Forest,0.9419643888131913
